{"cameraMode":{"drawMode":0,"name":"Shaded","section":"Shading Mode"},"sceneLighting":false,"audioPlay":false,"sceneViewState":{"showFog":true,"showMaterialUpdate":true,"showSkybox":false,"showFlares":true,"showImageEffects":true,"showParticleSystems":true},"in2DMode":false,"pivot":{"x":4.726073265075684,"y":-0.047399893403053287,"z":3.675741672515869},"rotation":{"x":-0.17060402035713197,"y":-0.7971371412277222,"z":0.26372143626213076,"w":-0.5156813859939575},"size":20.83673095703125,"orthographic":false}