{"cameraMode":{"drawMode":0,"name":"Shaded","section":"Shading Mode"},"sceneLighting":false,"audioPlay":false,"sceneViewState":{"showFog":true,"showMaterialUpdate":true,"showSkybox":false,"showFlares":true,"showImageEffects":true,"showParticleSystems":true},"in2DMode":false,"pivot":{"x":0.06372152268886566,"y":0.24005110561847688,"z":-0.5810210704803467},"rotation":{"x":0.14802099764347077,"y":-0.8017520904541016,"z":0.22189153730869294,"w":0.5348415970802307},"size":2.139517307281494,"orthographic":false}