{"cameraMode":{"drawMode":0,"name":"Shaded","section":"Shading Mode"},"sceneLighting":false,"audioPlay":false,"sceneViewState":{"showFog":true,"showMaterialUpdate":true,"showSkybox":false,"showFlares":true,"showImageEffects":true,"showParticleSystems":true},"in2DMode":false,"pivot":{"x":1.850000262260437,"y":0.8602890968322754,"z":-0.1626042127609253},"rotation":{"x":0.18521352112293244,"y":-0.7057693004608154,"z":0.1998942643404007,"w":0.6539366841316223},"size":4.184892654418945,"orthographic":false}