{"cameraMode":{"drawMode":0,"name":"Shaded","section":"Shading Mode"},"sceneLighting":false,"audioPlay":false,"sceneViewState":{"showFog":true,"showMaterialUpdate":true,"showSkybox":false,"showFlares":true,"showImageEffects":true,"showParticleSystems":true},"in2DMode":false,"pivot":{"x":3.649846076965332,"y":0.8935272097587586,"z":-0.043539077043533328},"rotation":{"x":0.14802099764347077,"y":-0.8017520904541016,"z":0.22189153730869294,"w":0.5348415970802307},"size":4.326311111450195,"orthographic":false}