{"cameraMode":{"drawMode":0,"name":"Shaded","section":"Shading Mode"},"sceneLighting":false,"audioPlay":false,"sceneViewState":{"showFog":true,"showMaterialUpdate":true,"showSkybox":false,"showFlares":true,"showImageEffects":true,"showParticleSystems":true},"in2DMode":false,"pivot":{"x":1.5399999618530274,"y":0.7329999804496765,"z":1.649999976158142},"rotation":{"x":0.09206292778253555,"y":-0.7480612397193909,"z":0.10618016123771668,"w":0.6485881805419922},"size":22.0,"orthographic":false}