{"cameraMode":{"drawMode":0,"name":"Shaded","section":"Shading Mode"},"sceneLighting":false,"audioPlay":false,"sceneViewState":{"showFog":true,"showMaterialUpdate":true,"showSkybox":false,"showFlares":true,"showImageEffects":true,"showParticleSystems":true},"in2DMode":false,"pivot":{"x":-0.16812682151794434,"y":0.3542006015777588,"z":0.07437782734632492},"rotation":{"x":0.055265873670578,"y":-0.9421269297599793,"z":0.19490468502044679,"w":0.2671383321285248},"size":2.4452342987060549,"orthographic":false}