{"cameraMode":{"drawMode":0,"name":"Shaded","section":"Shading Mode"},"sceneLighting":false,"audioPlay":false,"sceneViewState":{"showFog":true,"showMaterialUpdate":true,"showSkybox":false,"showFlares":true,"showImageEffects":true,"showParticleSystems":true},"in2DMode":false,"pivot":{"x":-0.17423690855503083,"y":-0.19280292093753816,"z":0.038426950573921207},"rotation":{"x":0.14802099764347077,"y":-0.8017520904541016,"z":0.22189153730869294,"w":0.5348415970802307},"size":1.999192237854004,"orthographic":false}