{"cameraMode":{"drawMode":0,"name":"Shaded","section":"Shading Mode"},"sceneLighting":true,"audioPlay":false,"sceneViewState":{"showFog":true,"showMaterialUpdate":true,"showSkybox":true,"showFlares":true,"showImageEffects":true,"showParticleSystems":true},"in2DMode":false,"pivot":{"x":-14.809755325317383,"y":-7.154884338378906,"z":3.3717739582061769},"rotation":{"x":-0.19093778729438783,"y":0.6799118518829346,"z":-0.19036781787872315,"w":-0.6819406151771545},"size":26.09617042541504,"orthographic":false}