{"cameraMode":{"drawMode":0,"name":"Shaded","section":"Shading Mode"},"sceneLighting":false,"audioPlay":false,"sceneViewState":{"showFog":true,"showMaterialUpdate":true,"showSkybox":false,"showFlares":true,"showImageEffects":true,"showParticleSystems":true},"in2DMode":false,"pivot":{"x":-1.9431596994400025,"y":-0.4492359757423401,"z":-0.180369570851326},"rotation":{"x":0.10854755342006684,"y":-0.7956587076187134,"z":0.14972235262393952,"w":0.5768376588821411},"size":15.062928199768067,"orthographic":false}