{"cameraMode":{"drawMode":0,"name":"Shaded","section":"Shading Mode"},"sceneLighting":false,"audioPlay":false,"sceneViewState":{"showFog":true,"showMaterialUpdate":true,"showSkybox":false,"showFlares":true,"showImageEffects":true,"showParticleSystems":true},"in2DMode":false,"pivot":{"x":-2.2469120025634767,"y":0.14747360348701478,"z":0.18700100481510163},"rotation":{"x":0.08637085556983948,"y":-0.8106642961502075,"z":0.12376397848129273,"w":0.565740168094635},"size":4.694058418273926,"orthographic":false}