{"cameraMode":{"drawMode":0,"name":"Shaded","section":"Shading Mode"},"sceneLighting":false,"audioPlay":false,"sceneViewState":{"showFog":true,"showMaterialUpdate":false,"showSkybox":false,"showFlares":true,"showImageEffects":true,"showParticleSystems":true},"in2DMode":false,"pivot":{"x":-0.12123654037714005,"y":1.092229962348938,"z":0.5432244539260864},"rotation":{"x":0.017861057072877885,"y":-0.9745426774024963,"z":0.20727752149105073,"w":0.08385316282510758},"size":1.8322020769119263,"orthographic":true}